{"last_download_failure": 1654192628.1333504, "last_download_success": 1654180507.2300591, "unseen_downloads": ["/home/Diego/.config/variety/Downloaded/Bing/OHR.QueenJubilee_EN-US9964271686_1920x1080.jpg"]}